- name: Acquasparta
  metaname: acquasparta
  url: "https://suape.regione.umbria.it/frontend/index/A045/SS"
- name: Allerona
  metaname: allerona
  url: "https://suape.regione.umbria.it/sportelli"
- name: Alviano
  metaname: alviano
  url: "https://suape.regione.umbria.it/sportelli"
- name: Amelia
  metaname: amelia
  url: "https://suape.regione.umbria.it/sportelli"
- name: Arrone
  metaname: arrone
  url: "https://suape.regione.umbria.it/frontend/index/A439/SS"
- name: Assisi
  metaname: assisi
  url: "https://suape.regione.umbria.it/frontend/index/A475/SS"
- name: Attigliano
  metaname: attigliano
  url: "https://suape.regione.umbria.it/sportelli"
- name: Avigliano Umbro
  metaname: aviglianoumbro
  url: "https://suape.regione.umbria.it/sportelli"
- name: Baschi
  metaname: baschi
  url: "https://suape.regione.umbria.it/sportelli"
- name: Bastia Umbra
  metaname: bastiaumbra
  url: "https://suape.regione.umbria.it/sportelli"
- name: Bettona
  metaname: bettona
  url: "https://suape.regione.umbria.it/sportelli"
- name: Bevagna
  metaname: bevagna
  url: "https://suape.regione.umbria.it/frontend/index/A835/SS"
- name: Calvi dell’Umbria
  metaname: calvidellumbria
  url: "https://suape.regione.umbria.it/frontend/index/B446/SS"
- name: Campello sul Clitunno
  metaname: campellosulclitunno
  url: "https://suape.regione.umbria.it/frontend/index/B504/SS"
- name: Cannara
  metaname: cannara
  url: "https://suape.regione.umbria.it/sportelli"
- name: Cascia
  metaname: cascia
  url: "https://suape.regione.umbria.it/sportelli"
- name: Castel Giorgio
  metaname: castelgiorgio
  url: "https://suape.regione.umbria.it/sportelli"
- name: Castel Ritaldi
  metaname: castelritaldi
  url: "https://suape.regione.umbria.it/sportelli"
- name: Castel Viscardo
  metaname: castelviscardo
  url: "https://suape.regione.umbria.it/sportelli"
- name: Castiglione del Lago
  metaname: castiglionedellago
  url: "https://suape.regione.umbria.it/frontend/index/C309/SS"
- name: Cerreto di Spoleto
  metaname: cerretodispoleto
  url: "https://suape.regione.umbria.it/sportelli"
- name: Citerna
  metaname: citerna
  url: "https://suape.regione.umbria.it/sportelli"
- name: Città della Pieve
  metaname: cittadellapieve
  url: "https://suape.regione.umbria.it/sportelli"
- name: Città di Castello
  metaname: cittadicastello
  url: "https://suape.regione.umbria.it/sportelli"
- name: Collazzone
  metaname: collazzone
  url: "https://suape.regione.umbria.it/frontend/index/C845/SS"
- name: Corciano
  metaname: corciano
  url: "https://suape.regione.umbria.it/frontend/index/C990/SS"
- name: Costacciaro
  metaname: costacciaro
  url: "https://suape.regione.umbria.it/sportelli"
- name: Deruta
  metaname: deruta
  url: "https://suape.regione.umbria.it/frontend/index/D279/SS"
- name: Fabro
  metaname: fabro
  url: "https://suape.regione.umbria.it/frontend/index/D454/SS"
- name: Ferentillo
  metaname: ferentillo
  url: "https://suape.regione.umbria.it/frontend/index/D538/SS"
- name: Ficulle
  metaname: ficulle
  url: "https://suape.regione.umbria.it/frontend/index/D570/SS"
- name: Foligno
  metaname: foligno
  url: "https://suape.regione.umbria.it/frontend/index/D653/SS"
- name: Fossato di Vico
  metaname: fossatodivico
  url: "https://suape.regione.umbria.it/sportelli"
- name: Fratta Todina
  metaname: frattatodina
  url: "https://suape.regione.umbria.it/sportelli"
- name: Giano dell’Umbria
  metaname: gianodellumbria
  url: "https://suape.regione.umbria.it/frontend/index/E012/SS"
- name: Giove
  metaname: giove
  url: "https://suape.regione.umbria.it/sportelli"
- name: Gualdo Cattaneo
  metaname: gualdocattaneo
  url: "https://suape.regione.umbria.it/sportelli"
- name: Gualdo Tadino
  metaname: gualdotadino
  url: "https://suape.regione.umbria.it/frontend/info/E230/SS"
- name: Guardea
  metaname: guardea
  url: "https://suape.regione.umbria.it/sportelli"
- name: Gubbio
  metaname: gubbio
  url: "https://suape.regione.umbria.it/frontend/index/E256/SS"
- name: Lisciano Niccone
  metaname: liscianoniccone
  url: "https://suape.regione.umbria.it/sportelli"
- name: Lugnano in Teverina
  metaname: lugnanointeverina
  url: "https://suape.regione.umbria.it/frontend/index/E729/SS"
- name: Magione
  metaname: magione
  url: "https://suape.regione.umbria.it/sportelli"
- name: Marsciano
  metaname: marsciano
  url: "https://suape.regione.umbria.it/frontend/index/E975/SS"
- name: Massa Martana
  metaname: massamartana
  url: "https://suape.regione.umbria.it/sportelli"
- name: Monte Castello di Vibio
  metaname: montecastellodivibio
  url: "https://suape.regione.umbria.it/frontend/index/F456/SS"
- name: Monte Santa Maria Tiberina
  metaname: montesantamariatiberina
  url: "https://suape.regione.umbria.it/sportelli"
- name: Montecastrilli
  metaname: montecastrilli
  url: "https://suape.regione.umbria.it/sportelli"
- name: Montecchio
  metaname: montecchio
  url: "https://suape.regione.umbria.it/sportelli"
- name: Montefalco
  metaname: montefalco
  url: "https://suape.regione.umbria.it/frontend/index/F492/SS"
- name: Montefranco
  metaname: montefranco
  url: "https://suape.regione.umbria.it/sportelli"
- name: Montegabbione
  metaname: montegabbione
  url: "https://suape.regione.umbria.it/sportelli"
- name: Monteleone d’Orvieto
  metaname: monteleonedorvieto
  url: "https://suape.regione.umbria.it/sportelli"
- name: Monteleone di Spoleto
  metaname: monteleonedispoleto
  url: "https://suape.regione.umbria.it/sportelli"
- name: Montone
  metaname: montone
  url: "https://suape.regione.umbria.it/frontend/index/F685/SS"
- name: Narni
  metaname: narni
  url: "https://suape.regione.umbria.it/frontend/index/F844/SS"
- name: Nocera Umbra
  metaname: noceraumbra
  url: "https://suape.regione.umbria.it/frontend/index/F911/SS"
- name: Norcia
  metaname: norcia
  url: "https://suape.regione.umbria.it/sportelli"
- name: Orvieto
  metaname: orvieto
  url: "https://suape.regione.umbria.it/sportelli"
- name: Otricoli
  metaname: otricoli
  url: "https://suape.regione.umbria.it/sportelli"
- name: Paciano
  metaname: paciano
  url: "https://suape.regione.umbria.it/sportelli"
- name: Panicale
  metaname: panicale
  url: "https://suape.regione.umbria.it/sportelli"
- name: Parrano
  metaname: parrano
  url: "https://suape.regione.umbria.it/sportelli"
- name: Passignano sul Trasimeno
  metaname: passignanosultrasimeno
  url: "https://suape.regione.umbria.it/sportelli"
- name: Penna in Teverina
  metaname: pennainteverina
  url: "https://suape.regione.umbria.it/sportelli"
- name: Perugia
  metaname: perugia
  url: "https://suape.regione.umbria.it/sportelli"
- name: Piegaro
  metaname: piegaro
  url: "https://suape.regione.umbria.it/sportelli"
- name: Pietralunga
  metaname: pietralunga
  url: "https://suape.regione.umbria.it/sportelli"
- name: Poggiodomo
  metaname: poggiodomo
  url: "https://suape.regione.umbria.it/sportelli"
- name: Polino
  metaname: polino
  url: "https://suape.regione.umbria.it/sportelli"
- name: Porano
  metaname: porano
  url: "https://suape.regione.umbria.it/sportelli"
- name: Preci
  metaname: preci
  url: "https://suape.regione.umbria.it/sportelli"
- name: San Gemini
  metaname: sangemini
  url: "https://suape.regione.umbria.it/sportelli"
- name: San Giustino
  metaname: sangiustino
  url: "https://suape.regione.umbria.it/sportelli"
- name: San Venanzo
  metaname: sanvenanzo
  url: "https://suape.regione.umbria.it/frontend/index/I381/SS"
- name: Santa Anatolia di Narco
  metaname: santaanatoliadinarco
  url: "https://suape.regione.umbria.it/sportelli"
- name: Scheggia e Pascelupo
  metaname: scheggiaepascelupo
  url: "https://suape.regione.umbria.it/sportelli"
- name: Scheggino
  metaname: scheggino
  url: "https://suape.regione.umbria.it/sportelli"
- name: Sellano
  metaname: sellano
  url: "https://suape.regione.umbria.it/sportelli"
- name: Sigillo
  metaname: sigillo
  url: "https://suape.regione.umbria.it/sportelli"
- name: Spello
  metaname: spello
  url: "https://suape.regione.umbria.it/sportelli"
- name: Spoleto
  metaname: spoleto
  url: "https://suape.regione.umbria.it/frontend/index/I921/SS"
- name: Stroncone
  metaname: stroncone
  url: "https://suape.regione.umbria.it/sportelli"
- name: Terni
  metaname: terni
  url: "https://suape.regione.umbria.it/frontend/index/L117/SS"
- name: Todi
  metaname: todi
  url: "https://suape.regione.umbria.it/frontend/index/L188/SS"
- name: Torgiano
  metaname: torgiano
  url: "https://suape.regione.umbria.it/sportelli"
- name: Trevi
  metaname: trevi
  url: "https://suape.regione.umbria.it/frontend/index/L397/SS"
- name: Tuoro sul Trasimeno
  metaname: tuorosultrasimeno
  url: "https://suape.regione.umbria.it/frontend/index/L466/SS"
- name: Umbertide
  metaname: umbertide
  url: "https://suape.regione.umbria.it/frontend/index/D786/SS"
- name: Valfabbrica
  metaname: valfabbrica
  url: "https://suape.regione.umbria.it/sportelli"
- name: Vallo di Nera
  metaname: vallodinera
  url: "https://suape.regione.umbria.it/sportelli"
- name: Valtopina
  metaname: valtopina
  url: "https://suape.regione.umbria.it/frontend/index/L653/SS"
