- name: Acquasparta
  metaname: acquasparta
  url: "https://suape.regione.umbria.it/frontend/index/A045/SS"
  urlprg: ""
  urlaua: "https://suape.regione.umbria.it/frontend/index/A045/SS"
- name: Allerona
  metaname: allerona
  url: "http://www.comune.allerona.tr.it/c055002/zf/index.php/modulistica/index"
  urlaua: "https://suape.regione.umbria.it/sportelli"
- name: Alviano
  metaname: alviano
  url: "http://www.comune.alviano.tr.it/zf/index.php/modulistica/index"
  urlaua: "https://suape.regione.umbria.it/sportelli"
- name: Amelia
  metaname: amelia
  url: "http://www.comune.amelia.tr.it/index.php?option=com_content&view=article&id=538&Itemid=278"
  urlprg: "http://www.comune.amelia.tr.it/index.php?option=com_content&view=article&id=925&Itemid=346"
  urlaua: "https://suape.regione.umbria.it/sportelli"
- name: Arrone
  metaname: arrone
  url: "https://suape.regione.umbria.it/frontend/index/A439/SS"
  urlaua: "https://suape.regione.umbria.it/frontend/index/A439/SS"
- name: Assisi
  metaname: assisi
  url: "https://suape.regione.umbria.it/frontend/index/A475/SS"
  urlaua: "https://suape.regione.umbria.it/frontend/index/A475/SS"
- name: Attigliano
  metaname: attigliano
  url: "http://www.comunediattigliano.gov.it/zf/index.php/suap"
  urlaua: "https://suape.regione.umbria.it/sportelli"
- name: Avigliano Umbro
  metaname: aviglianoumbro
  url: "http://www.comune.aviglianoumbro.tr.it/c055033/zf/index.php/suap"
  urlaua: "https://suape.regione.umbria.it/sportelli"
- name: Baschi
  metaname: baschi
  url: "http://www.comune.baschi.tr.it/c055007/zf/index.php/modulistica/index"
  urlaua: "https://suape.regione.umbria.it/sportelli"
- name: Bastia Umbra
  metaname: bastiaumbra
  url: "https://www.comune.bastia.pg.it/c054002/zf/index.php/suap/servizi-online/login"
  urlprg: "http://archivio.comunebastiaumbra.gov.it/urbanistica/home_urbanistica.aspx?p=5&tipo=2"
  urlaua: "https://suape.regione.umbria.it/sportelli"
- name: Bettona
  metaname: bettona
  url: "http://www.comune.bettona.pg.it/c054003/zf/index.php/modulistica"
  urlaua: "https://suape.regione.umbria.it/sportelli"
- name: Bevagna
  metaname: bevagna
  url: "https://suape.regione.umbria.it/frontend/index/A835/SS"
  urlaua: "https://suape.regione.umbria.it/frontend/index/A835/SS"
- name: Calvi dell’Umbria
  metaname: calvidellumbria
  url: "https://suape.regione.umbria.it/frontend/index/B446/SS"
  urlaua: "https://suape.regione.umbria.it/frontend/index/B446/SS"
- name: Campello sul Clitunno
  metaname: campellosulclitunno
  url: "https://suape.regione.umbria.it/frontend/index/B504/SS"
  urlaua: "https://suape.regione.umbria.it/frontend/index/B504/SS"
- name: Cannara
  metaname: cannara
  url: "https://comune.cannara.pg.it/home"
  urlaua: "https://suape.regione.umbria.it/sportelli"
- name: Cascia
  metaname: cascia
  url: "http://www.comune.cascia.pg.it/?page_id=415"
  urlaua: "https://suape.regione.umbria.it/sportelli"
- name: Castel Giorgio
  metaname: castelgiorgio
  url: "http://www.comune.castelgiorgio.tr.it/zf/index.php/modulistica/index"
  urlaua: "https://suape.regione.umbria.it/sportelli"
- name: Castel Ritaldi
  metaname: castelritaldi
  url: "https://www.comune.castel-ritaldi.pg.it/articoli/suape-001"
  urlaua: "https://suape.regione.umbria.it/sportelli"
- name: Castel Viscardo
  metaname: castelviscardo
  url: "http://www.comune.castelviscardo.tr.it/zf/index.php/modulistica/index"
- name: Castiglione del Lago
  metaname: castiglionedellago
  url: "https://suape.regione.umbria.it/frontend/index/C309/SS"
  urlprg: "http://www.comune.castiglione-del-lago.pg.it/il-piano-regolatore"
- name: Cerreto di Spoleto
  metaname: cerretodispoleto
  url: "https://comune.cerretodispoleto.pg.it/68-MODULISTICA-UNIFICATA-E-STANDARDIZZATA-COMMERCIO.html"
- name: Citerna
  metaname: citerna
  url: "http://www.halleyweb.com/c054011/zf/index.php/modulistica/index"
- name: Città della Pieve
  metaname: cittadellapieve
  url: "http://www.comune.cittadellapieve.pg.it/c054012/zf/index.php/modulistica/index"
- name: Città di Castello
  metaname: cittadicastello
  url: "https://jcitygov.cdcnet.net/web/homepage/sue"
- name: Collazzone
  metaname: collazzone
  url: "http://www.halleyweb.com/c054014/zf/index.php/modulistica/index"
- name: Corciano
  metaname: corciano
  url: "https://suape.regione.umbria.it/frontend/index/C990/SS"
- name: Costacciaro
  metaname: costacciaro
  url: "http://pratiche.pa.umbria.it/costacciaro/AreaRiservata/Contenuti/default.aspx?alias=D108&software=SS"
- name: Deruta
  metaname: deruta
  url: "https://suape.regione.umbria.it/frontend/index/D279/SS"
- name: Fabro
  metaname: fabro
  url: "https://suape.regione.umbria.it/frontend/index/D454/SS"
- name: Ferentillo
  metaname: ferentillo
  url: "https://suape.regione.umbria.it/frontend/index/D538/SS"
- name: Ficulle
  metaname: ficulle
  url: "https://suape.regione.umbria.it/frontend/index/D570/SS"
- name: Foligno
  metaname: foligno
  url: "https://suape.regione.umbria.it/frontend/index/D653/SS"
  urlprg: "http://www.comune.foligno.pg.it/pagine/piani-regolatori-generali-000"
- name: Fossato di Vico
  metaname: fossatodivico
  url: "http://suap.pa.umbria.it/fossatodivico/Contenuti/default.aspx?alias=D745&software="
- name: Fratta Todina
  metaname: frattatodina
  url: "http://suap.pa.umbria.it/frattatodina/Contenuti/default.aspx?alias=D787&software="
- name: Giano dell’Umbria
  metaname: gianodellumbria
  url: "https://suape.regione.umbria.it/frontend/index/E012/SS"
- name: Giove
  metaname: giove
  url: "http://www.comune.giove.tr.it/zf/index.php/suap"
- name: Gualdo Cattaneo
  metaname: gualdocattaneo
  url: "https://www.comune.gualdocattaneo.pg.it/"
- name: Gualdo Tadino
  metaname: gualdotadino
  url: "https://suape.regione.umbria.it/frontend/info/E230/SS/3"
- name: Guardea
  metaname: guardea
  url: "http://www.comune.guardea.tr.it/c055015/zf/index.php/modulistica/index"
- name: Gubbio
  metaname: gubbio
  url: "https://suape.regione.umbria.it/frontend/index/E256/SS"
  urlprg: "http://www.comune.gubbio.pg.it/pagine/piano-regolatore"
- name: Lisciano Niccone
  metaname: liscianoniccone
  url: "https://www.lisciano.org/comune/servizi-online/modulistica/s-u-a-p-e"
- name: Lugnano in Teverina
  metaname: lugnanointeverina
  url: "https://suape.regione.umbria.it/frontend/index/E729/SS"
- name: Magione
  metaname: magione
  url: "https://suape.regione.umbria.it/frontend/index/E805/SS"
- name: Marsciano
  metaname: marsciano
  url: "https://suape.regione.umbria.it/frontend/index/E975/SS"
- name: Massa Martana
  metaname: massamartana
  url: "http://www.comune.massamartana.pg.it/Mediacenter/FE/media/modulistica-suape.html"
- name: Monte Castello di Vibio
  metaname: montecastellodivibio
  url: "https://suape.regione.umbria.it/frontend/index/F456/SS"
- name: Monte Santa Maria Tiberina
  metaname: montesantamariatiberina
  url: "http://www.montesantamariatiberina.org/modulistica.html"
- name: Montecastrilli
  metaname: montecastrilli
  url: "http://www.comune.montecastrilli.tr.it"
- name: Montecchio
  metaname: montecchio
  url: "http://www.comune.montecchio.tr.it/c055018/zf/index.php/modulistica/index"
- name: Montefalco
  metaname: montefalco
  url: "https://suape.regione.umbria.it/frontend/index/F492/SS"
- name: Montefranco
  metaname: montefranco
  url: "http://www.comune.montefranco.tr.it/c055019/zf/index.php/modulistica/index"
- name: Montegabbione
  metaname: montegabbione
  url: "http://comune.montegabbione.tr.it/"
- name: Monteleone d’Orvieto
  metaname: monteleonedorvieto
  url: "https://comune.monteleone.tr.it/modulistica/85-nuova-modulistica-unificata-relativa-al-commercio---attivit%C3%80-produttive/"
- name: Monteleone di Spoleto
  metaname: monteleonedispoleto
  url: "http://www.comune.monteleonedispoleto.pg.it/c054031/zf/index.php/modulistica/index"
- name: Montone
  metaname: montone
  url: "https://suape.regione.umbria.it/frontend/index/F685/SS"
- name: Narni
  metaname: narni
  url: "https://suape.regione.umbria.it/frontend/index/F844/SS"
  urlprg: "https://f844.cloud.silverbrowser.it/prg/ui/kelydra/silverprg/SilverPrg.html"
- name: Nocera Umbra
  metaname: noceraumbra
  url: "https://suape.regione.umbria.it/frontend/index/F911/SS"
- name: Norcia
  metaname: norcia
  url: "https://www.comune.norcia.pg.it/urbanistica/modulistica/"
- name: Orvieto
  metaname: orvieto
  url: "http://www.comune.orvieto.tr.it/pagine/suape-sportello-unico-attivita-produttive-e-ediliz"
- name: Otricoli
  metaname: otricoli
  url: "https://www.comune.otricoli.tr.it/"
- name: Paciano
  metaname: paciano
  url: "https://www.comune.paciano.pg.it/c054036/zf/index.php/modulistica"
- name: Panicale
  metaname: panicale
  url: "https://www.comune.panicale.pg.it/c054037/hh/index.php"
- name: Parrano
  metaname: parrano
  url: "http://www.comune.parrano.tr.it/"
- name: Passignano sul Trasimeno
  metaname: passignanosultrasimeno
  url: "http://www.comune.passignano-sul-trasimeno.pg.it/c054038/zf/index.php/modulistica"
- name: Penna in Teverina
  metaname: pennainteverina
  url: "http://www.comune.pennainteverina.tr.it/zf/index.php/suap"
- name: Perugia
  metaname: perugia
  url: "https://www.comune.perugia.it/pagine/suape-sportello-unico-per-le-attivita-produttive-ed-edilizie"
  urlprg: "http://www.comune.perugia.it/pagine/prg-vigente"
- name: Piegaro
  metaname: piegaro
  url: "http://www.comune.piegaro.pg.it/zf/index.php/suap"
- name: Pietralunga
  metaname: pietralunga
  url: "http://www.pietralunga.it/comune/servizi-online/modulistica.html"
- name: Poggiodomo
  metaname: poggiodomo
  url: "http://www.comune.poggiodomo.pg.it/hh/index.php"
- name: Polino
  metaname: polino
  url: "http://www.comune.polino.tr.it/portale_istituzionale/home.php?id=0"
- name: Porano
  metaname: porano
  url: "https://comune.porano.tr.it/il-comune-informa/1010-modulistica/"
- name: Preci
  metaname: preci
  url: "http://www.comune.preci.pg.it/default.asp"
- name: San Gemini
  metaname: sangemini
  url: "http://halleyweb.com/c055029/zf/index.php/suap"
- name: San Giustino
  metaname: sangiustino
  url: "https://www.halleyweb.com/c054044/zf/index.php/suap"
- name: San Venanzo
  metaname: sanvenanzo
  url: "https://suape.regione.umbria.it/frontend/index/I381/SS"
- name: Santa Anatolia di Narco
  metaname: santaanatoliadinarco
  url: "https://comune.santanatoliadinarco.pg.it/modulistica"
- name: Scheggia e Pascelupo
  metaname: scheggiaepascelupo
  url: "https://www.comunescheggiaepascelupo.it/comune/servizi-online/modulistica"
- name: Scheggino
  metaname: scheggino
  url: "https://www.halleyweb.com/c054047/hh/index.php"
- name: Sellano
  metaname: sellano
  url: "http://www.comune.sellano.pg.it/c054048/zf/index.php/modulistica/index/dettaglio-area/area/10?sat=1576153594&nodo=nodo8"
- name: Sigillo
  metaname: sigillo
  url: "http://pratiche.pa.umbria.it/sigillo/AreaRiservata/Contenuti/default.aspx?alias=I727&software=SS"
- name: Spello
  metaname: spello
  url: "http://www.comune.spello.pg.it/pagine/modulistica-000"
  urlprg: "http://www.comune.spello.pg.it/pagine/tavole-p-r-g"
- name: Spoleto
  metaname: spoleto
  url: "https://suape.regione.umbria.it/frontend/index/I921/SS"
- name: Stroncone
  metaname: stroncone
  url: "https://www.comune.stroncone.tr.it/zf/index.php/suap"
- name: Terni
  metaname: terni
  url: "https://suape.regione.umbria.it/frontend/index/L117/SS"
  urlprg: "http://www.comune.terni.it/piano-regolatore"
- name: Todi
  metaname: todi
  url: "https://suape.regione.umbria.it/frontend/index/L188/SS"
- name: Torgiano
  metaname: torgiano
  url: "http://www.comune.torgiano.pg.it/pagine/area-governo-del-territorio-lavori-pubblici"
- name: Trevi
  metaname: trevi
  url: "https://suape.regione.umbria.it/frontend/index/L397/SS"
- name: Tuoro sul Trasimeno
  metaname: tuorosultrasimeno
  url: "https://suape.regione.umbria.it/frontend/index/L466/SS"
- name: Umbertide
  metaname: umbertide
  url: "https://suape.regione.umbria.it/frontend/index/D786/SS"
- name: Valfabbrica
  metaname: valfabbrica
  url: "http://www.comune.valfabbrica.pg.it/modulistica-e-regolamenti/"
- name: Vallo di Nera
  metaname: vallodinera
  url: "https://www.halleyweb.com/c054058/hh/index.php"
- name: Valtopina
  metaname: valtopina
  url: "https://suape.regione.umbria.it/frontend/index/L653/SS"
